Protocollo;Gruppo;DataOraIncidente;Localizzazione1;STRADA1;Localizzazione2;STRADA2;Strada02;Chilometrica;DaSpecificare;NaturaIncidente;particolaritastrade;TipoStrada;FondoStradale;Pavimentazione;Segnaletica;CondizioneAtmosferica;Traffico;Visibilita;Illuminazione;NUM_FERITI;NUM_RISERVATA;NUM_MORTI;NUM_ILLESI;Longitudine;Latitudine;Confermato;Progressivo;TipoVeicolo;StatoVeicolo;TipoPersona;Sesso;Tipolesione;Deceduto;DecedutoDopo;CinturaCascoUtilizzato;Airbag
1905603;13;20/03/2012 17:50;Strada Urbana;VIALE DI CASTEL PORZIANO;in corrispondenza;;del civico n. ;427/B;;Scontro frontale/laterale DX fra veicoli in marcia;Rettilineo;Una carreggiata a doppio senso;Asciutto;Asfaltata;Verticale ed orizzontale;Sereno;Normale;Buona;Ore Diurne;0;0;0;3;;;-1;2;Autovettura privata;In marcia / fermata / arresto;Conducente;F;Illeso;0;;Non accertato;Inesploso
1905605;5;20/03/2012 18:15;Strada Urbana;VIA TIBURTINA;all'intersezione con;VIA LUIGI CESANA;VIA LUIGI CESANA;;;Scontro frontale/laterale DX fra veicoli in marcia;Intersezione non regolata/non segnalata;Due carreggiate;Asciutto;Asfaltata;Orizzontale;Sereno;Normale;Buona;Ore Diurne;0;1;0;2;;;-1;1;Autovettura privata;In marcia / fermata / arresto;Conducente;M;Illeso;0;;Non accertato;Inesistente
1905605;5;20/03/2012 18:15;Strada Urbana;VIA TIBURTINA;all'intersezione con;VIA LUIGI CESANA;VIA LUIGI CESANA;;;Scontro frontale/laterale DX fra veicoli in marcia;Intersezione non regolata/non segnalata;Due carreggiate;Asciutto;Asfaltata;Orizzontale;Sereno;Normale;Buona;Ore Diurne;0;1;0;2;;;-1;2;Motociclo a solo;In marcia / fermata / arresto;Conducente;M;Prognosi riservata;0;NON DECEDUTO;Non accertato;Inesistente
1905605;5;20/03/2012 18:15;Strada Urbana;VIA TIBURTINA;all'intersezione con;VIA LUIGI CESANA;VIA LUIGI CESANA;;;Scontro frontale/laterale DX fra veicoli in marcia;Intersezione non regolata/non segnalata;Due carreggiate;Asciutto;Asfaltata;Orizzontale;Sereno;Normale;Buona;Ore Diurne;0;1;0;2;;;-1;3;Motociclo a solo;In marcia / fermata / arresto;Conducente;M;Illeso;0;;Non accertato;Inesistente
1905606;20;20/03/2012 10:45;Strada Urbana;VIA DI GROTTAROSSA;da specificare;;;;fronte Ospedale S. Andrea;Veicolo in marcia contro veicolo in sosta;Rettilineo;Una carreggiata a doppio senso;Asciutto;Lastricata;Orizzontale;Sereno;Normale;Buona;Ore Diurne;0;0;0;1;;;-1;1;Autovettura privata;In marcia / fermata / arresto;Conducente;M;Illeso;0;;Non accertato;Inesistente
1905607;17;20/03/2012 17:35;Strada Urbana;PIAZZA GIUSEPPE MAZZINI;in corrispondenza;;del civico n. ;10;;Tamponamento;Rotatoria;Una carreggiata a senso unico di marcia;Asciutto;Asfaltata;Verticale ed orizzontale;Sereno;Normale;Buona;Ore Diurne;1;0;0;1;;;-1;1;Motociclo a solo;In marcia / fermata / arresto;Conducente;M;Rimandato;0;NON DECEDUTO;Non accertato;Inesistente
1905607;17;20/03/2012 17:35;Strada Urbana;PIAZZA GIUSEPPE MAZZINI;in corrispondenza;;del civico n. ;10;;Tamponamento;Rotatoria;Una carreggiata a senso unico di marcia;Asciutto;Asfaltata;Verticale ed orizzontale;Sereno;Normale;Buona;Ore Diurne;1;0;0;1;;;-1;2;Motociclo a solo;In marcia / fermata / arresto;Conducente;F;Illeso;0;;Non accertato;Inesistente
1905608;1;19/03/2012 09:40;Strada Urbana;LARGO ENZO FIORITTO;da specificare;;;;.;Veicolo in marcia contro ostacolo accidentale;Rettilineo;Una carreggiata a senso unico di marcia;Viscido da liquidi oleosi;Asfaltata;Verticale ed orizzontale;Nuvoloso;Normale;Buona;Ore Diurne;1;0;0;0;;;-1;1;Motociclo con passeggero;In marcia / fermata / arresto;Conducente;F;Rifiuta cure immediate;0;NON DECEDUTO;Utilizzato;Inesistente
1905609;1;19/03/2012 11:00;Strada Urbana;PIAZZA DI PORTA S. PAOLO;in prossimità;;del civico n. ;3;;Scontro laterale fra veicoli in marcia;Rettilineo;Una carreggiata a senso unico di marcia;Bagnato (pioggia);Acciotolata;Verticale ed orizzontale;Pioggia in atto;Normale;Buona;Ore Diurne;0;0;0;3;;;-1;1;Autovettura pubblica;In marcia / fermata / arresto;Conducente;M;Illeso;0;;Non accertato;Inesistente
1905609;1;19/03/2012 11:00;Strada Urbana;PIAZZA DI PORTA S. PAOLO;in prossimità;;del civico n. ;3;;Scontro laterale fra veicoli in marcia;Rettilineo;Una carreggiata a senso unico di marcia;Bagnato (pioggia);Acciotolata;Verticale ed orizzontale;Pioggia in atto;Normale;Buona;Ore Diurne;0;0;0;3;;;-1;1;Autovettura pubblica;In marcia / fermata / arresto;Passeggero;F;Illeso;0;;Non accertato;Inesistente
1905609;1;19/03/2012 11:00;Strada Urbana;PIAZZA DI PORTA S. PAOLO;in prossimità;;del civico n. ;3;;Scontro laterale fra veicoli in marcia;Rettilineo;Una carreggiata a senso unico di marcia;Bagnato (pioggia);Acciotolata;Verticale ed orizzontale;Pioggia in atto;Normale;Buona;Ore Diurne;0;0;0;3;;;-1;2;Autovettura pubblica;In marcia / fermata / arresto;Conducente;;Illeso;0;;Non accertato;
1905610;1;19/03/2012 17:30;Strada Urbana;VIA MARSALA;in corrispondenza;;del civico n. ;46;;Veicoli in marcia contro veicolo fermo;Rettilineo;Una carreggiata a senso unico di marcia;Asciutto;In cubetti di porfido;Verticale ed orizzontale;Nuvoloso;Normale;Buona;Ore Diurne;0;0;0;2;;;-1;2;Motociclo a solo;In marcia / fermata / arresto;Conducente;M;Illeso;0;;Non accertato;Inesistente
1905610;1;19/03/2012 17:30;Strada Urbana;VIA MARSALA;in corrispondenza;;del civico n. ;46;;Veicoli in marcia contro veicolo fermo;Rettilineo;Una carreggiata a senso unico di marcia;Asciutto;In cubetti di porfido;Verticale ed orizzontale;Nuvoloso;Normale;Buona;Ore Diurne;0;0;0;2;;;-1;3;Autocarro inferiore 35 q.;In marcia / fermata / arresto;Conducente;M;Illeso;0;;Non accertato;Inesistente
1905611;1;19/03/2012 12:15;Strada Urbana;VIA PAOLO CASELLI;in prossimità;;del civico n. ;10;;Veicolo in marcia contro veicolo in sosta;Rettilineo;Una carreggiata a doppio senso;Asciutto;In cubetti di porfido;Assente;Nuvoloso;Scarso;Buona;Ore Diurne;0;0;0;1;;;-1;2;Autocarro inferiore 35 q.;In marcia / fermata / arresto;Conducente;M;Illeso;0;;Non accertato;Inesistente
1905612;1;19/03/2012 15:40;Strada Urbana;VIA DELLA GRECA;in prossimità;;del civico n. ;13;;Scontro laterale fra veicoli in marcia;Rettilineo;Due carreggiate;Asciutto;Asfaltata;Orizzontale;Nuvoloso;Normale;Buona;Ore Diurne;0;0;0;2;;;-1;1;Autovettura privata;In marcia / fermata / arresto;Conducente;F;Illeso;0;;Utilizzato;Inesploso
1905612;1;19/03/2012 15:40;Strada Urbana;VIA DELLA GRECA;in prossimità;;del civico n. ;13;;Scontro laterale fra veicoli in marcia;Rettilineo;Due carreggiate;Asciutto;Asfaltata;Orizzontale;Nuvoloso;Normale;Buona;Ore Diurne;0;0;0;2;;;-1;2;Autovettura privata;In marcia / fermata / arresto;Conducente;;Illeso;0;;Non accertato;
1905613;19;21/03/2012 08:20;Strada Urbana;PIAZZA CLEMENTE XI;all'intersezione con;VIA GIOVANNI X;VIA GIOVANNI X;;;Scontro frontale/laterale DX fra veicoli in marcia;Rotatoria;Una carreggiata a senso unico di marcia;Asciutto;Asfaltata;Verticale ed orizzontale;Sereno;Intenso;Buona;Ore Diurne;0;0;0;2;;;-1;1;Autovettura privata;In marcia / fermata / arresto;Conducente;M;Illeso;0;;Non accertato;Inesploso
1905613;19;21/03/2012 08:20;Strada Urbana;PIAZZA CLEMENTE XI;all'intersezione con;VIA GIOVANNI X;VIA GIOVANNI X;;;Scontro frontale/laterale DX fra veicoli in marcia;Rotatoria;Una carreggiata a senso unico di marcia;Asciutto;Asfaltata;Verticale ed orizzontale;Sereno;Intenso;Buona;Ore Diurne;0;0;0;2;;;-1;2;Autocarro inferiore 35 q.;In marcia / fermata / arresto;Conducente;M;Illeso;0;;Non accertato;Inesploso
1905614;20;20/03/2012 09:15;Strada Urbana;VIA HONDURAS;in corrispondenza;;del palo luce n. ;1;;Infortunio per sola frenata improvvisa;Curva senza visuale libera;Una carreggiata a senso unico di marcia;Asciutto;Asfaltata;Verticale ed orizzontale;Sereno;Normale;Buona;Ore Diurne;1;0;0;0;;;-1;1;Motociclo a solo;In marcia / fermata / arresto;Conducente;M;Ricoverato;0;NON DECEDUTO;Utilizzato;Inesistente
1905615;20;20/03/2012 13:50;Strada Urbana;PIAZZALE MARESCIALLO DIAZ;all'intersezione semaforizzata con;LUNGOTEVERE MARESCIALLO DIAZ;LUNGOTEVERE MARESCIALLO DIAZ;;;Investimento di pedone;Intersezione semaforizzata;Due carreggiate;Asciutto;Asfaltata;Verticale ed orizzontale;Sereno;Normale;Buona;Ore Diurne;2;0;0;0;;;-1;;;;Pedone;F;Rimandato;0;NON DECEDUTO;;
1905615;20;20/03/2012 13:50;Strada Urbana;PIAZZALE MARESCIALLO DIAZ;all'intersezione semaforizzata con;LUNGOTEVERE MARESCIALLO DIAZ;LUNGOTEVERE MARESCIALLO DIAZ;;;Investimento di pedone;Intersezione semaforizzata;Due carreggiate;Asciutto;Asfaltata;Verticale ed orizzontale;Sereno;Normale;Buona;Ore Diurne;2;0;0;0;;;-1;1;Motociclo a solo;In marcia / fermata / arresto;Conducente;M;Rifiuta cure immediate;0;NON DECEDUTO;Non accertato;Inesistente
1905616;20;20/03/2012 17:20;Statale entro l'abitato;VIA CASSIA;all'intersezione con;VIA GIUSEPPE CANNATA;VIA GIUSEPPE CANNATA;;;Scontro frontale fra veicoli in marcia;Intersezione stradale segnalata;Una carreggiata a doppio senso;Asciutto;Asfaltata;Verticale ed orizzontale;Sereno;Normale;Buona;Ore Diurne;0;0;0;2;;;-1;1;Autovettura privata;In marcia / fermata / arresto;Conducente;M;Illeso;0;;Non accertato;Inesploso
1905616;20;20/03/2012 17:20;Statale entro l'abitato;VIA CASSIA;all'intersezione con;VIA GIUSEPPE CANNATA;VIA GIUSEPPE CANNATA;;;Scontro frontale fra veicoli in marcia;Intersezione stradale segnalata;Una carreggiata a doppio senso;Asciutto;Asfaltata;Verticale ed orizzontale;Sereno;Normale;Buona;Ore Diurne;0;0;0;2;;;-1;2;Autovettura privata;In marcia / fermata / arresto;Conducente;M;Illeso;0;;Non accertato;Inesploso
1905617;20;21/03/2012 07:30;Strada Urbana;LUNGOTEVERE MARESCIALLO CADORNA;in prossimità;;del palo luce n. ;1;;Tamponamento Multiplo;Rettilineo;Una carreggiata a doppio senso;Asciutto;Asfaltata;Orizzontale;Sereno;Intenso;Buona;Ore Diurne;0;0;0;4;;;-1;1;Autovettura privata;In marcia / fermata / arresto;Conducente;F;Illeso;0;;Non accertato;Inesploso
1905617;20;21/03/2012 07:30;Strada Urbana;LUNGOTEVERE MARESCIALLO CADORNA;in prossimità;;del palo luce n. ;1;;Tamponamento Multiplo;Rettilineo;Una carreggiata a doppio senso;Asciutto;Asfaltata;Orizzontale;Sereno;Intenso;Buona;Ore Diurne;0;0;0;4;;;-1;2;Autovettura privata;In marcia / fermata / arresto;Conducente;M;Illeso;0;;Non accertato;Inesploso
1905617;20;21/03/2012 07:30;Strada Urbana;LUNGOTEVERE MARESCIALLO CADORNA;in prossimità;;del palo luce n. ;1;;Tamponamento Multiplo;Rettilineo;Una carreggiata a doppio senso;Asciutto;Asfaltata;Orizzontale;Sereno;Intenso;Buona;Ore Diurne;0;0;0;4;;;-1;3;Autovettura privata;In marcia / fermata / arresto;Conducente;F;Illeso;0;;Non accertato;Inesploso
1905617;20;21/03/2012 07:30;Strada Urbana;LUNGOTEVERE MARESCIALLO CADORNA;in prossimità;;del palo luce n. ;1;;Tamponamento Multiplo;Rettilineo;Una carreggiata a doppio senso;Asciutto;Asfaltata;Orizzontale;Sereno;Intenso;Buona;Ore Diurne;0;0;0;4;;;-1;4;Autovettura privata;In marcia / fermata / arresto;Conducente;M;Illeso;0;;Non accertato;Inesploso
1905618;12;20/03/2012 17:20;Strada Urbana;VIA DI ACQUA ACETOSA OSTIENSE;all'intersezione semaforizzata con;VIA LAURENTINA;VIA LAURENTINA;;;Scontro laterale fra veicoli in marcia;Incrocio;Una carreggiata a doppio senso;Asciutto;Asfaltata;Verticale ed orizzontale;Sereno;Intenso;Buona;Ore Diurne;0;0;0;3;;;-1;1;Autovettura privata;In marcia / fermata / arresto;Conducente;F;Illeso;0;;Non accertato;Inesistente
1905618;12;20/03/2012 17:20;Strada Urbana;VIA DI ACQUA ACETOSA OSTIENSE;all'intersezione semaforizzata con;VIA LAURENTINA;VIA LAURENTINA;;;Scontro laterale fra veicoli in marcia;Incrocio;Una carreggiata a doppio senso;Asciutto;Asfaltata;Verticale ed orizzontale;Sereno;Intenso;Buona;Ore Diurne;0;0;0;3;;;-1;2;Autovettura privata;In marcia / fermata / arresto;Conducente;M;Illeso;0;;Utilizzato;Inesistente
1905618;12;20/03/2012 17:20;Strada Urbana;VIA DI ACQUA ACETOSA OSTIENSE;all'intersezione semaforizzata con;VIA LAURENTINA;VIA LAURENTINA;;;Scontro laterale fra veicoli in marcia;Incrocio;Una carreggiata a doppio senso;Asciutto;Asfaltata;Verticale ed orizzontale;Sereno;Intenso;Buona;Ore Diurne;0;0;0;3;;;-1;2;Autovettura privata;In marcia / fermata / arresto;Passeggero;M;Illeso;0;;Utilizzato;Inesploso
1905619;1;20/03/2012 09:00;Strada Urbana;PIAZZA DI PORTA S. GIOVANNI;all'intersezione semaforizzata con;VIALE CARLO FELICE;VIALE CARLO FELICE;;;Tamponamento;Intersezione semaforizzata;Una carreggiata a doppio senso;Asciutto;Asfaltata;Verticale ed orizzontale;Sereno;Normale;Buona;Ore Diurne;1;0;0;1;;;-1;1;Autovettura privata;In marcia / fermata / arresto;Conducente;M;Illeso;0;;Non accertato;Inesistente
1905619;1;20/03/2012 09:00;Strada Urbana;PIAZZA DI PORTA S. GIOVANNI;all'intersezione semaforizzata con;VIALE CARLO FELICE;VIALE CARLO FELICE;;;Tamponamento;Intersezione semaforizzata;Una carreggiata a doppio senso;Asciutto;Asfaltata;Verticale ed orizzontale;Sereno;Normale;Buona;Ore Diurne;1;0;0;1;;;-1;2;Motociclo a solo;In marcia / fermata / arresto;Conducente;F;Rimandato;0;NON DECEDUTO;Utilizzato;Inesistente
1905620;1;20/03/2012 10:30;Strada Urbana;VIA QUATTRO NOVEMBRE;in prossimità;;del civico n. ;119;;Investimento di pedone;Rettilineo;Una carreggiata a doppio senso;Asciutto;Acciotolata;Verticale ed orizzontale;Sereno;Normale;Buona;Ore Diurne;2;0;0;0;;;-1;;;;Pedone;F;Rifiuta cure immediate;0;NON DECEDUTO;;
1905620;1;20/03/2012 10:30;Strada Urbana;VIA QUATTRO NOVEMBRE;in prossimità;;del civico n. ;119;;Investimento di pedone;Rettilineo;Una carreggiata a doppio senso;Asciutto;Acciotolata;Verticale ed orizzontale;Sereno;Normale;Buona;Ore Diurne;2;0;0;0;;;-1;1;Motociclo a solo;In marcia / fermata / arresto;Conducente;M;Rifiuta cure immediate;0;NON DECEDUTO;Non accertato;Inesistente
1905621;1;20/03/2012 12:30;Strada Urbana;VIA GIOVANNI LANZA;in prossimità;;del civico n. ;156;;Scontro laterale fra veicoli in marcia;Rettilineo;Una carreggiata a doppio senso;Asciutto;Asfaltata;Verticale ed orizzontale;Sereno;Normale;Buona;Ore Diurne;1;0;0;1;;;-1;1;Autovettura privata;In marcia / fermata / arresto;Conducente;M;Illeso;0;;Non accertato;
1905621;1;20/03/2012 12:30;Strada Urbana;VIA GIOVANNI LANZA;in prossimità;;del civico n. ;156;;Scontro laterale fra veicoli in marcia;Rettilineo;Una carreggiata a doppio senso;Asciutto;Asfaltata;Verticale ed orizzontale;Sereno;Normale;Buona;Ore Diurne;1;0;0;1;;;-1;2;Motociclo a solo;In marcia / fermata / arresto;Conducente;F;Rimandato;0;NON DECEDUTO;Non accertato;Inesistente
1905622;17;20/03/2012 14:25;Strada Urbana;LARGO TRIONFALE;all'intersezione semaforizzata con;VIA LEONE IV;VIA LEONE IV;;;Scontro laterale fra veicoli in marcia;Incrocio;Una carreggiata a doppio senso;Asciutto;Asfaltata;Verticale ed orizzontale;Sereno;Normale;Buona;Ore Diurne;0;0;0;2;;;-1;1;Autovettura privata;In marcia / fermata / arresto;Conducente;F;Illeso;0;;Non accertato;Inesistente
1905622;17;20/03/2012 14:25;Strada Urbana;LARGO TRIONFALE;all'intersezione semaforizzata con;VIA LEONE IV;VIA LEONE IV;;;Scontro laterale fra veicoli in marcia;Incrocio;Una carreggiata a doppio senso;Asciutto;Asfaltata;Verticale ed orizzontale;Sereno;Normale;Buona;Ore Diurne;0;0;0;2;;;-1;2;Ciclomotore;In marcia / fermata / arresto;Conducente;F;Illeso;0;;Non accertato;Inesistente
1905623;1;20/03/2012 09:00;Strada Urbana;LARGO DELLE TERME DI CARACALLA;da specificare;;;;prossimità fornici ;Fuoriuscita dalla sede stradale;Rettilineo;Una carreggiata a doppio senso;Asciutto;Asfaltata;Verticale ed orizzontale;Sereno;Normale;Buona;Ore Diurne;1;0;0;0;;;-1;1;Motociclo a solo;In marcia / fermata / arresto;Conducente;M;Rifiuta cure immediate;0;NON DECEDUTO;Non accertato;Inesistente
1905624;3;20/03/2012 10:30;Strada Urbana;VIALE DELL'UNIVERSITA';all'intersezione con;VIALE DEL POLICLINICO;VIALE DEL POLICLINICO;;;Scontro laterale fra veicoli in marcia;Incrocio;Due carreggiate;Asciutto;Asfaltata;Verticale ed orizzontale;Sereno;Intenso;Buona;Ore Diurne;1;0;0;1;;;-1;1;Autovettura privata;In marcia / fermata / arresto;Conducente;M;Illeso;0;;Utilizzato;Inesistente
1905624;3;20/03/2012 10:30;Strada Urbana;VIALE DELL'UNIVERSITA';all'intersezione con;VIALE DEL POLICLINICO;VIALE DEL POLICLINICO;;;Scontro laterale fra veicoli in marcia;Incrocio;Due carreggiate;Asciutto;Asfaltata;Verticale ed orizzontale;Sereno;Intenso;Buona;Ore Diurne;1;0;0;1;;;-1;2;Motociclo a solo;In marcia / fermata / arresto;Conducente;F;Ricoverato;0;NON DECEDUTO;Utilizzato;Inesistente
1905626;3;20/03/2012 17:45;Strada Urbana;PIAZZA CONFIENZA;all'intersezione con;VIALE DELL'UNIVERSITA';VIALE DELL'UNIVERSITA';;;Scontro frontale/laterale DX fra veicoli in marcia;Incrocio;Una carreggiata a senso unico di marcia;Asciutto;Asfaltata;Verticale;Sereno;Normale;Buona;Ore Diurne;1;0;0;1;;;-1;1;Autovettura privata;In marcia / fermata / arresto;Conducente;F;Illeso;0;;Non accertato;Inesistente
1905626;3;20/03/2012 17:45;Strada Urbana;PIAZZA CONFIENZA;all'intersezione con;VIALE DELL'UNIVERSITA';VIALE DELL'UNIVERSITA';;;Scontro frontale/laterale DX fra veicoli in marcia;Incrocio;Una carreggiata a senso unico di marcia;Asciutto;Asfaltata;Verticale;Sereno;Normale;Buona;Ore Diurne;1;0;0;1;;;-1;2;Ciclomotore;In marcia / fermata / arresto;Conducente;F;Ricoverato;0;NON DECEDUTO;Non accertato;Inesistente
1905628;1;20/03/2012 11:55;Strada Urbana;VIA DELL'UMILTA';in prossimità;;del civico n. ;41;;Veicolo in marcia contro veicolo in sosta;Rettilineo;Una carreggiata a senso unico di marcia;Asciutto;In cubetti di porfido;Verticale;Sereno;Scarso;Buona;Ore Diurne;0;0;0;1;;;-1;1;Autocarro inferiore 35 q.;In marcia / fermata / arresto;Conducente;M;Illeso;0;;Non accertato;Inesploso
1905629;1;20/03/2012 14:55;Strada Urbana;PIAZZA DI PORTA S. GIOVANNI;in prossimità;;del palo luce n. ;61;;Investimento di pedone;Rettilineo;Una carreggiata a doppio senso;Asciutto;Asfaltata;Orizzontale;Sereno;Intenso;Buona;Ore Diurne;1;0;0;1;;;-1;;;;Pedone;F;Rimandato;0;NON DECEDUTO;;
1905629;1;20/03/2012 14:55;Strada Urbana;PIAZZA DI PORTA S. GIOVANNI;in prossimità;;del palo luce n. ;61;;Investimento di pedone;Rettilineo;Una carreggiata a doppio senso;Asciutto;Asfaltata;Orizzontale;Sereno;Intenso;Buona;Ore Diurne;1;0;0;1;;;-1;1;Motociclo a solo;In marcia / fermata / arresto;Conducente;;Illeso;0;;Non accertato;
1905630;12;20/03/2012 20:00;Strada Urbana;VIA LAURENTINA;in corrispondenza;;della chilometrica ;18;;Tamponamento;Rettilineo;Una carreggiata a doppio senso;Asciutto;Asfaltata;Verticale ed orizzontale;Sereno;Normale;Buona;Inesistente;0;0;0;2;;;-1;1;Autovettura privata;In marcia / fermata / arresto;Conducente;M;Illeso;0;;Non accertato;Inesistente
1905630;12;20/03/2012 20:00;Strada Urbana;VIA LAURENTINA;in corrispondenza;;della chilometrica ;18;;Tamponamento;Rettilineo;Una carreggiata a doppio senso;Asciutto;Asfaltata;Verticale ed orizzontale;Sereno;Normale;Buona;Inesistente;0;0;0;2;;;-1;2;Autovettura privata;In marcia / fermata / arresto;Conducente;M;Illeso;0;;Utilizzato;Inesistente
1905631;1;20/03/2012 23:15;Strada Urbana;VIA DI PORTA MAGGIORE;in corrispondenza;;del civico n. ;36;;Veicolo in marcia contro ostacolo accidentale;Rettilineo;Una carreggiata a senso unico di marcia;Asciutto;Asfaltata;Verticale;Sereno;Scarso;Sufficiente;Sufficiente;0;0;0;1;;;-1;1;Autovettura privata;In marcia / fermata / arresto;Conducente;M;Illeso;0;;Non accertato;Inesploso
1905633;9;21/03/2012 10:30;Strada Urbana;VIA GIOVANNI BOTERO;da specificare;;;;altezza via Arrigo Davila;Tamponamento;Rettilineo;Una carreggiata a doppio senso;Asciutto;Asfaltata;Orizzontale;Sereno;Normale;Buona;Ore Diurne;0;0;0;2;;;-1;1;Autovettura privata;In marcia / fermata / arresto;Conducente;M;Illeso;0;;Non accertato;Inesploso
1905633;9;21/03/2012 10:30;Strada Urbana;VIA GIOVANNI BOTERO;da specificare;;;;altezza via Arrigo Davila;Tamponamento;Rettilineo;Una carreggiata a doppio senso;Asciutto;Asfaltata;Orizzontale;Sereno;Normale;Buona;Ore Diurne;0;0;0;2;;;-1;2;Autovettura privata;In marcia / fermata / arresto;Conducente;M;Illeso;0;;Non accertato;Inesploso
1905635;23;20/03/2012 10:10;Strada Urbana;VIA ARENULA;in corrispondenza;;del civico n. ;24;;Investimento di pedone;Rettilineo;Una carreggiata a senso unico di marcia;Asciutto;Asfaltata;Verticale ed orizzontale;Sereno;Normale;Buona;Ore Diurne;1;0;0;1;;;-1;;;;Pedone;F;Rifiuta cure immediate;0;NON DECEDUTO;;
1905635;23;20/03/2012 10:10;Strada Urbana;VIA ARENULA;in corrispondenza;;del civico n. ;24;;Investimento di pedone;Rettilineo;Una carreggiata a senso unico di marcia;Asciutto;Asfaltata;Verticale ed orizzontale;Sereno;Normale;Buona;Ore Diurne;1;0;0;1;;;-1;1;Autovettura privata;In marcia / fermata / arresto;Conducente;M;Illeso;0;;Utilizzato;Inesploso
1905636;23;20/03/2012 14:20;Comunale extraurbana;VIA CRISTOFORO COLOMBO;in corrispondenza;;della chilometrica ;20,7;;Fuoriuscita dalla sede stradale;Rettilineo;Più di due carreggiate;Asciutto;Asfaltata;Verticale ed orizzontale;Sereno;Normale;Buona;Ore Diurne;1;0;0;0;;;-1;1;Autovettura privata;In marcia / fermata / arresto;Conducente;M;Rifiuta cure immediate;0;NON DECEDUTO;Utilizzato;Inesistente
1905637;12;21/03/2012 06:30;Statale entro l'abitato;VIA OSTIENSE;in corrispondenza;;del civico n. ;262;;Scontro frontale/laterale DX fra veicoli in marcia;Curva a visuale libera;Una carreggiata a doppio senso;Asciutto;Asfaltata;Verticale ed orizzontale;Sereno;Normale;Buona;Ore Diurne;0;0;0;2;;;-1;1;Autovettura privata;In marcia / fermata / arresto;Conducente;M;Illeso;0;;Utilizzato;Inesistente
1905637;12;21/03/2012 06:30;Statale entro l'abitato;VIA OSTIENSE;in corrispondenza;;del civico n. ;262;;Scontro frontale/laterale DX fra veicoli in marcia;Curva a visuale libera;Una carreggiata a doppio senso;Asciutto;Asfaltata;Verticale ed orizzontale;Sereno;Normale;Buona;Ore Diurne;0;0;0;2;;;-1;2;Autovettura privata;In marcia / fermata / arresto;Conducente;M;Illeso;0;;Utilizzato;Inesploso
1905638;12;21/03/2012 08:50;Strada Urbana;PIAZZA SANTO DOMINGO;all'intersezione con;VIA DELLE TRE FONTANE;VIA DELLE TRE FONTANE;;;Scontro laterale fra veicoli in marcia;Incrocio;Una carreggiata a doppio senso;Asciutto;Asfaltata;Verticale ed orizzontale;Sereno;Normale;Buona;Ore Diurne;0;0;0;2;;;-1;1;Autovettura privata;In marcia / fermata / arresto;Conducente;M;Illeso;0;;Utilizzato;Inesistente
1905638;12;21/03/2012 08:50;Strada Urbana;PIAZZA SANTO DOMINGO;all'intersezione con;VIA DELLE TRE FONTANE;VIA DELLE TRE FONTANE;;;Scontro laterale fra veicoli in marcia;Incrocio;Una carreggiata a doppio senso;Asciutto;Asfaltata;Verticale ed orizzontale;Sereno;Normale;Buona;Ore Diurne;0;0;0;2;;;-1;2;Autocarro superiore 35 q.;In marcia / fermata / arresto;Conducente;M;Illeso;0;;Utilizzato;Inesistente
1905639;18;20/03/2012 13:00;Strada Urbana;VIA DELLA PINETA SACCHETTI;all'intersezione con;VIA DEL FORTE BOCCEA;VIA DEL FORTE BOCCEA;;;Scontro frontale/laterale DX fra veicoli in marcia;Intersezione stradale segnalata;Una carreggiata a doppio senso;Asciutto;Asfaltata;Verticale ed orizzontale;Sereno;Normale;Buona;Ore Diurne;0;0;0;3;;;-1;1;Motociclo con passeggero;In marcia / fermata / arresto;Conducente;F;Illeso;0;;Non accertato;Inesploso
1905639;18;20/03/2012 13:00;Strada Urbana;VIA DELLA PINETA SACCHETTI;all'intersezione con;VIA DEL FORTE BOCCEA;VIA DEL FORTE BOCCEA;;;Scontro frontale/laterale DX fra veicoli in marcia;Intersezione stradale segnalata;Una carreggiata a doppio senso;Asciutto;Asfaltata;Verticale ed orizzontale;Sereno;Normale;Buona;Ore Diurne;0;0;0;3;;;-1;1;Motociclo con passeggero;In marcia / fermata / arresto;Passeggero;F;Illeso;0;;Non accertato;Inesploso
1905639;18;20/03/2012 13:00;Strada Urbana;VIA DELLA PINETA SACCHETTI;all'intersezione con;VIA DEL FORTE BOCCEA;VIA DEL FORTE BOCCEA;;;Scontro frontale/laterale DX fra veicoli in marcia;Intersezione stradale segnalata;Una carreggiata a doppio senso;Asciutto;Asfaltata;Verticale ed orizzontale;Sereno;Normale;Buona;Ore Diurne;0;0;0;3;;;-1;2;Autovettura privata;In marcia / fermata / arresto;Conducente;M;Illeso;0;;Non accertato;Inesistente
1905641;1;18/03/2012 02:50;Strada Urbana;LUNGOTEVERE DEI TEBALDI;in corrispondenza;;del palo luce n. ;11;;Veicoli in marcia contro veicolo fermo;Rettilineo;Una carreggiata a senso unico di marcia;Asciutto;Asfaltata;Verticale ed orizzontale;Sereno;Scarso;Buona;Sufficiente;1;0;0;0;;;-1;1;Motociclo a solo;In marcia / fermata / arresto;Conducente;M;Rimandato;0;NON DECEDUTO;Non accertato;Inesistente