Protocollo;Gruppo;DataOraIncidente;Localizzazione1;STRADA1;Localizzazione2;STRADA2;Strada02;Chilometrica;DaSpecificare;NaturaIncidente;particolaritastrade;TipoStrada;FondoStradale;Pavimentazione;Segnaletica;CondizioneAtmosferica;Traffico;Visibilita;Illuminazione;NUM_FERITI;NUM_RISERVATA;NUM_MORTI;NUM_ILLESI;Longitudine;Latitudine;Confermato;Progressivo;TipoVeicolo;StatoVeicolo;TipoPersona;Sesso;Tipolesione;Deceduto;DecedutoDopo;CinturaCascoUtilizzato;Airbag
1906079;15;26/03/2012 11:15;Strada Urbana;VIALE GUGLIELMO MARCONI;in prossimità;;del civico n. ;284;;Scontro laterale fra veicoli in marcia;Rettilineo;Due carreggiate;Asciutto;Asfaltata;Verticale ed orizzontale;Sereno;Normale;Buona;Ore Diurne;0;0;0;2;;;-1;2;Autocarro superiore 35 q.;In marcia / fermata / arresto;Conducente;M;Illeso;0;;Utilizzato;Inesistente
1906080;13;26/03/2012 10:45;Strada Urbana;VIA DI ACILIA;all'intersezione con;VIA GIOVANNI BOLDINI;VIA GIOVANNI BOLDINI;;;Investimento di pedone;Incrocio;Una carreggiata a doppio senso;Asciutto;Asfaltata;Verticale ed orizzontale;Sereno;Normale;Buona;Ore Diurne;1;0;0;1;;;-1;;;;Pedone;F;Rimandato;0;NON DECEDUTO;;
1906080;13;26/03/2012 10:45;Strada Urbana;VIA DI ACILIA;all'intersezione con;VIA GIOVANNI BOLDINI;VIA GIOVANNI BOLDINI;;;Investimento di pedone;Incrocio;Una carreggiata a doppio senso;Asciutto;Asfaltata;Verticale ed orizzontale;Sereno;Normale;Buona;Ore Diurne;1;0;0;1;;;-1;1;Autovettura privata;In marcia / fermata / arresto;Conducente;M;Illeso;0;;Non accertato;Inesploso
1906081;18;26/03/2012 11:00;Strada Urbana;VIA GREGORIO VII;da specificare;;;;in prossimità civ. 103 al semaforo pedonale;Tamponamento;Rettilineo;Più di due carreggiate;Asciutto;Asfaltata;Verticale ed orizzontale;Sereno;Normale;Buona;Ore Diurne;1;0;0;1;;;-1;1;Autovettura privata;In marcia / fermata / arresto;Conducente;M;Rifiuta cure immediate;0;NON DECEDUTO;Non accertato;Inesploso
1906081;18;26/03/2012 11:00;Strada Urbana;VIA GREGORIO VII;da specificare;;;;in prossimità civ. 103 al semaforo pedonale;Tamponamento;Rettilineo;Più di due carreggiate;Asciutto;Asfaltata;Verticale ed orizzontale;Sereno;Normale;Buona;Ore Diurne;1;0;0;1;;;-1;2;Autovettura privata;In marcia / fermata / arresto;Conducente;M;Illeso;0;;Non accertato;Inesploso
1906083;16;16/03/2012 11:15;Strada Urbana;PIAZZETTA DEL BEL RESPIRO;all'intersezione semaforizzata con;VIA VITELLIA;VIA VITELLIA;;;Tamponamento;Intersezione semaforizzata;Più di due carreggiate;Asciutto;Asfaltata;Verticale ed orizzontale;Sereno;Normale;Buona;Ore Diurne;0;0;0;2;;;-1;1;Autovettura privata;In marcia / fermata / arresto;Conducente;F;Illeso;0;;Non accertato;Inesistente
1906083;16;16/03/2012 11:15;Strada Urbana;PIAZZETTA DEL BEL RESPIRO;all'intersezione semaforizzata con;VIA VITELLIA;VIA VITELLIA;;;Tamponamento;Intersezione semaforizzata;Più di due carreggiate;Asciutto;Asfaltata;Verticale ed orizzontale;Sereno;Normale;Buona;Ore Diurne;0;0;0;2;;;-1;2;Autovettura privata;In marcia / fermata / arresto;Conducente;M;Illeso;0;;Non accertato;Inesistente
1906084;16;23/03/2012 12:30;Strada Urbana;VIA ROMANO GUERRA;in corrispondenza;;del civico n. ;62;;Tamponamento;Rettilineo;Una carreggiata a doppio senso;Asciutto;Asfaltata;Orizzontale;Sereno;Normale;Buona;Ore Diurne;1;0;0;2;;;-1;1;Autovettura privata;In marcia / fermata / arresto;Conducente;M;Illeso;0;;Non accertato;Inesploso
1906084;16;23/03/2012 12:30;Strada Urbana;VIA ROMANO GUERRA;in corrispondenza;;del civico n. ;62;;Tamponamento;Rettilineo;Una carreggiata a doppio senso;Asciutto;Asfaltata;Orizzontale;Sereno;Normale;Buona;Ore Diurne;1;0;0;2;;;-1;2;Autocarro inferiore 35 q.;In marcia / fermata / arresto;Conducente;M;Rimandato;0;NON DECEDUTO;Non accertato;Inesploso
1906084;16;23/03/2012 12:30;Strada Urbana;VIA ROMANO GUERRA;in corrispondenza;;del civico n. ;62;;Tamponamento;Rettilineo;Una carreggiata a doppio senso;Asciutto;Asfaltata;Orizzontale;Sereno;Normale;Buona;Ore Diurne;1;0;0;2;;;-1;3;Autocarro inferiore 35 q.;In marcia / fermata / arresto;Conducente;M;Illeso;0;;Non accertato;Inesploso
1906085;11;26/03/2012 08:45;Strada Urbana;VIALE PICO DELLA MIRANDOLA;all'intersezione semaforizzata con;PIAZZALE DEI CADUTI DELLA MONTAGNOLA;PIAZZALE DEI CADUTI DELLA MONTAGNOLA;;;Scontro frontale/laterale DX fra veicoli in marcia;Intersezione semaforizzata;Due carreggiate;Asciutto;Asfaltata;Verticale ed orizzontale;Sereno;Normale;Buona;Ore Diurne;1;0;0;1;;;-1;1;Motociclo a solo;In marcia / fermata / arresto;Conducente;M;Rimandato;0;NON DECEDUTO;Non accertato;Inesistente
1906085;11;26/03/2012 08:45;Strada Urbana;VIALE PICO DELLA MIRANDOLA;all'intersezione semaforizzata con;PIAZZALE DEI CADUTI DELLA MONTAGNOLA;PIAZZALE DEI CADUTI DELLA MONTAGNOLA;;;Scontro frontale/laterale DX fra veicoli in marcia;Intersezione semaforizzata;Due carreggiate;Asciutto;Asfaltata;Verticale ed orizzontale;Sereno;Normale;Buona;Ore Diurne;1;0;0;1;;;-1;2;Autovettura privata;In marcia / fermata / arresto;Conducente;F;Illeso;0;;Non accertato;Inesploso
1906086;11;26/03/2012 11:00;Strada Urbana;VIA CRISTOFORO COLOMBO;in prossimità;;del palo luce n. ;164;;Tamponamento;Rettilineo;Più di due carreggiate;Asciutto;Asfaltata;Orizzontale;Sereno;Normale;Buona;Ore Diurne;2;0;0;0;;;-1;1;Motociclo a solo;In marcia / fermata / arresto;Conducente;M;Rifiuta cure immediate;0;NON DECEDUTO;Non accertato;Inesistente
1906086;11;26/03/2012 11:00;Strada Urbana;VIA CRISTOFORO COLOMBO;in prossimità;;del palo luce n. ;164;;Tamponamento;Rettilineo;Più di due carreggiate;Asciutto;Asfaltata;Orizzontale;Sereno;Normale;Buona;Ore Diurne;2;0;0;0;;;-1;2;Autovettura privata;In marcia / fermata / arresto;Conducente;F;Rifiuta cure immediate;0;NON DECEDUTO;Non accertato;Inesploso
1906087;11;26/03/2012 14:00;Strada Urbana;VIA DEI GRANAI DI NERVA;all'intersezione con;VIA ALBERTO ASCARI;VIA ALBERTO ASCARI;;;Scontro frontale/laterale SX fra veicoli in marcia;Incrocio;Più di due carreggiate;Asciutto;Asfaltata;Verticale;Sereno;Normale;Buona;Ore Diurne;1;0;0;5;;;-1;1;Autovettura privata;In marcia / fermata / arresto;Conducente;M;Illeso;0;;Non accertato;Inesploso
1906087;11;26/03/2012 14:00;Strada Urbana;VIA DEI GRANAI DI NERVA;all'intersezione con;VIA ALBERTO ASCARI;VIA ALBERTO ASCARI;;;Scontro frontale/laterale SX fra veicoli in marcia;Incrocio;Più di due carreggiate;Asciutto;Asfaltata;Verticale;Sereno;Normale;Buona;Ore Diurne;1;0;0;5;;;-1;1;Autovettura privata;In marcia / fermata / arresto;Passeggero;M;Rifiuta cure immediate;0;NON DECEDUTO;Non accertato;Inesploso
1906087;11;26/03/2012 14:00;Strada Urbana;VIA DEI GRANAI DI NERVA;all'intersezione con;VIA ALBERTO ASCARI;VIA ALBERTO ASCARI;;;Scontro frontale/laterale SX fra veicoli in marcia;Incrocio;Più di due carreggiate;Asciutto;Asfaltata;Verticale;Sereno;Normale;Buona;Ore Diurne;1;0;0;5;;;-1;1;Autovettura privata;In marcia / fermata / arresto;Passeggero;M;Illeso;0;;Non accertato;Inesploso
1906087;11;26/03/2012 14:00;Strada Urbana;VIA DEI GRANAI DI NERVA;all'intersezione con;VIA ALBERTO ASCARI;VIA ALBERTO ASCARI;;;Scontro frontale/laterale SX fra veicoli in marcia;Incrocio;Più di due carreggiate;Asciutto;Asfaltata;Verticale;Sereno;Normale;Buona;Ore Diurne;1;0;0;5;;;-1;1;Autovettura privata;In marcia / fermata / arresto;Passeggero;M;Illeso;0;;Non accertato;Inesploso
1906087;11;26/03/2012 14:00;Strada Urbana;VIA DEI GRANAI DI NERVA;all'intersezione con;VIA ALBERTO ASCARI;VIA ALBERTO ASCARI;;;Scontro frontale/laterale SX fra veicoli in marcia;Incrocio;Più di due carreggiate;Asciutto;Asfaltata;Verticale;Sereno;Normale;Buona;Ore Diurne;1;0;0;5;;;-1;1;Autovettura privata;In marcia / fermata / arresto;Passeggero;M;Illeso;0;;Non accertato;Inesploso
1906087;11;26/03/2012 14:00;Strada Urbana;VIA DEI GRANAI DI NERVA;all'intersezione con;VIA ALBERTO ASCARI;VIA ALBERTO ASCARI;;;Scontro frontale/laterale SX fra veicoli in marcia;Incrocio;Più di due carreggiate;Asciutto;Asfaltata;Verticale;Sereno;Normale;Buona;Ore Diurne;1;0;0;5;;;-1;2;Autovettura privata;In marcia / fermata / arresto;Conducente;F;Illeso;0;;Non accertato;Inesploso
1906088;11;26/03/2012 16:00;Strada Urbana;VIA DELLE SETTE CHIESE;in corrispondenza;;del civico n. ;12;;Scontro laterale fra veicoli in marcia;Curva a visuale libera;Una carreggiata a senso unico di marcia;Asciutto;Asfaltata;Verticale;Sereno;Scarso;Buona;Ore Diurne;0;0;0;1;;;-1;1;Autovettura privata;In marcia / fermata / arresto;Conducente;F;Illeso;0;;Utilizzato;Inesistente
1906089;6;25/03/2012 06:55;Strada Urbana;VIA BARTOLOMEO PERESTRELLO;in prossimità;;del civico n. ;41;;Scontro laterale fra veicoli in marcia;Rettilineo;Una carreggiata a doppio senso;Asciutto;Asfaltata;Assente;Sereno;Scarso;Buona;Ore Diurne;1;0;0;1;;;-1;1;Autovettura privata;In marcia / fermata / arresto;Conducente;M;Rifiuta cure immediate;0;NON DECEDUTO;Non accertato;Inesploso
1906089;6;25/03/2012 06:55;Strada Urbana;VIA BARTOLOMEO PERESTRELLO;in prossimità;;del civico n. ;41;;Scontro laterale fra veicoli in marcia;Rettilineo;Una carreggiata a doppio senso;Asciutto;Asfaltata;Assente;Sereno;Scarso;Buona;Ore Diurne;1;0;0;1;;;-1;2;Autovettura privata;In marcia / fermata / arresto;Conducente;M;Illeso;0;;Non accertato;Inesploso
1906090;6;26/03/2012 16:55;Strada Urbana;VIALE RONCHI;in corrispondenza;;del civico n. ;29;;Veicolo in marcia contro veicolo in sosta;Rettilineo;Due carreggiate;Asciutto;Asfaltata;Orizzontale;Sereno;Normale;Buona;Ore Diurne;0;0;0;3;;;-1;1;Autovettura privata;In marcia / fermata / arresto;Conducente;M;Illeso;0;;Non accertato;Inesistente
1906090;6;26/03/2012 16:55;Strada Urbana;VIALE RONCHI;in corrispondenza;;del civico n. ;29;;Veicolo in marcia contro veicolo in sosta;Rettilineo;Due carreggiate;Asciutto;Asfaltata;Orizzontale;Sereno;Normale;Buona;Ore Diurne;0;0;0;3;;;-1;1;Autovettura privata;In marcia / fermata / arresto;Passeggero;F;Illeso;0;;Non accertato;Inesploso
1906090;6;26/03/2012 16:55;Strada Urbana;VIALE RONCHI;in corrispondenza;;del civico n. ;29;;Veicolo in marcia contro veicolo in sosta;Rettilineo;Due carreggiate;Asciutto;Asfaltata;Orizzontale;Sereno;Normale;Buona;Ore Diurne;0;0;0;3;;;-1;1;Autovettura privata;In marcia / fermata / arresto;Passeggero;M;Illeso;0;;Non accertato;Inesistente
1906091;16;23/03/2012 15:55;Strada Urbana;CIRCONVALLAZIONE GIANICOLENSE;in prossimità;;del civico n. ;121;;Scontro laterale fra veicoli in marcia;Rettilineo;Più di due carreggiate;Asciutto;Asfaltata;Verticale ed orizzontale;Sereno;Normale;Buona;Ore Diurne;0;0;0;3;;;-1;1;Autovettura privata;In marcia / fermata / arresto;Conducente;F;Illeso;0;;Non accertato;Inesploso
1906091;16;23/03/2012 15:55;Strada Urbana;CIRCONVALLAZIONE GIANICOLENSE;in prossimità;;del civico n. ;121;;Scontro laterale fra veicoli in marcia;Rettilineo;Più di due carreggiate;Asciutto;Asfaltata;Verticale ed orizzontale;Sereno;Normale;Buona;Ore Diurne;0;0;0;3;;;-1;1;Autovettura privata;In marcia / fermata / arresto;Passeggero;M;Illeso;0;;Non accertato;Inesploso
1906091;16;23/03/2012 15:55;Strada Urbana;CIRCONVALLAZIONE GIANICOLENSE;in prossimità;;del civico n. ;121;;Scontro laterale fra veicoli in marcia;Rettilineo;Più di due carreggiate;Asciutto;Asfaltata;Verticale ed orizzontale;Sereno;Normale;Buona;Ore Diurne;0;0;0;3;;;-1;2;Motociclo a solo;In marcia / fermata / arresto;Conducente;M;Illeso;0;;Non accertato;Inesistente
1906092;9;26/03/2012 16:00;Strada Urbana;VIA APPIA NUOVA;da specificare;;;;prossimità via di S.Maria Ausiliatrice;Tamponamento;Rettilineo;Due carreggiate;Asciutto;Asfaltata;Assente;Sereno;Intenso;Buona;Ore Diurne;0;0;0;6;;;-1;1;Autovettura privata;In marcia / fermata / arresto;Conducente;M;Illeso;0;;Non accertato;Inesistente
1906092;9;26/03/2012 16:00;Strada Urbana;VIA APPIA NUOVA;da specificare;;;;prossimità via di S.Maria Ausiliatrice;Tamponamento;Rettilineo;Due carreggiate;Asciutto;Asfaltata;Assente;Sereno;Intenso;Buona;Ore Diurne;0;0;0;6;;;-1;1;Autovettura privata;In marcia / fermata / arresto;Passeggero;F;Illeso;0;;Non accertato;Inesistente
1906092;9;26/03/2012 16:00;Strada Urbana;VIA APPIA NUOVA;da specificare;;;;prossimità via di S.Maria Ausiliatrice;Tamponamento;Rettilineo;Due carreggiate;Asciutto;Asfaltata;Assente;Sereno;Intenso;Buona;Ore Diurne;0;0;0;6;;;-1;2;Autovettura privata;In marcia / fermata / arresto;Conducente;M;Illeso;0;;Non accertato;Inesistente
1906092;9;26/03/2012 16:00;Strada Urbana;VIA APPIA NUOVA;da specificare;;;;prossimità via di S.Maria Ausiliatrice;Tamponamento;Rettilineo;Due carreggiate;Asciutto;Asfaltata;Assente;Sereno;Intenso;Buona;Ore Diurne;0;0;0;6;;;-1;2;Autovettura privata;In marcia / fermata / arresto;Passeggero;F;Illeso;0;;Non accertato;Inesistente
1906092;9;26/03/2012 16:00;Strada Urbana;VIA APPIA NUOVA;da specificare;;;;prossimità via di S.Maria Ausiliatrice;Tamponamento;Rettilineo;Due carreggiate;Asciutto;Asfaltata;Assente;Sereno;Intenso;Buona;Ore Diurne;0;0;0;6;;;-1;2;Autovettura privata;In marcia / fermata / arresto;Passeggero;F;Illeso;0;;Non accertato;Inesistente
1906092;9;26/03/2012 16:00;Strada Urbana;VIA APPIA NUOVA;da specificare;;;;prossimità via di S.Maria Ausiliatrice;Tamponamento;Rettilineo;Due carreggiate;Asciutto;Asfaltata;Assente;Sereno;Intenso;Buona;Ore Diurne;0;0;0;6;;;-1;2;Autovettura privata;In marcia / fermata / arresto;Passeggero;F;Illeso;0;;Non accertato;Inesistente
1906093;9;26/03/2012 16:50;Strada Urbana;PIAZZA GALERIA;in prossimità;;del civico n. ;5;;Scontro laterale fra veicoli in marcia;Rettilineo;Due carreggiate;Asciutto;Asfaltata;Assente;Sereno;Intenso;Buona;Ore Diurne;0;0;0;2;;;-1;1;Autovettura privata;In marcia / fermata / arresto;Conducente;M;Illeso;0;;Non accertato;Inesistente
1906093;9;26/03/2012 16:50;Strada Urbana;PIAZZA GALERIA;in prossimità;;del civico n. ;5;;Scontro laterale fra veicoli in marcia;Rettilineo;Due carreggiate;Asciutto;Asfaltata;Assente;Sereno;Intenso;Buona;Ore Diurne;0;0;0;2;;;-1;2;Motociclo a solo;In marcia / fermata / arresto;Conducente;M;Illeso;0;;Non accertato;Inesistente
1906094;13;26/03/2012 13:50;Strada Urbana;VIA DELLA CACCIUTA;all'intersezione con;VIA CAMPO TURES;VIA CAMPO TURES;;;Scontro frontale/laterale DX fra veicoli in marcia;Incrocio;Una carreggiata a doppio senso;Asciutto;Asfaltata;Assente;Sereno;Normale;Sufficiente;Ore Diurne;0;0;0;2;;;-1;1;Autovettura privata;In marcia / fermata / arresto;Conducente;M;Illeso;0;;Non accertato;Inesploso
1906094;13;26/03/2012 13:50;Strada Urbana;VIA DELLA CACCIUTA;all'intersezione con;VIA CAMPO TURES;VIA CAMPO TURES;;;Scontro frontale/laterale DX fra veicoli in marcia;Incrocio;Una carreggiata a doppio senso;Asciutto;Asfaltata;Assente;Sereno;Normale;Sufficiente;Ore Diurne;0;0;0;2;;;-1;2;Autocarro inferiore 35 q.;In marcia / fermata / arresto;Conducente;M;Illeso;0;;Non accertato;Inesploso
1906095;13;26/03/2012 18:00;Statale;VIA DEL MARE;in prossimità;;della chilometrica ;15,1;;Fuoriuscita dalla sede stradale;Rettilineo;Una carreggiata a doppio senso;Asciutto;Asfaltata;Verticale ed orizzontale;Sereno;Normale;Buona;Ore Diurne;1;0;0;0;;;-1;1;Autovettura privata;In marcia / fermata / arresto;Conducente;F;Rimandato;0;NON DECEDUTO;Non accertato;Esploso
1906096;10;26/03/2012 08:45;Strada Urbana;VIA TUSCOLANA;in corrispondenza;;del palo luce n. ;789;;Tamponamento;Rettilineo;Due carreggiate;Asciutto;Asfaltata;Verticale ed orizzontale;Sereno;Intenso;Buona;Ore Diurne;0;0;0;2;;;-1;1;Autovettura privata;In marcia / fermata / arresto;Conducente;F;Illeso;0;;Non accertato;Inesistente
1906096;10;26/03/2012 08:45;Strada Urbana;VIA TUSCOLANA;in corrispondenza;;del palo luce n. ;789;;Tamponamento;Rettilineo;Due carreggiate;Asciutto;Asfaltata;Verticale ed orizzontale;Sereno;Intenso;Buona;Ore Diurne;0;0;0;2;;;-1;2;Autocarro inferiore 35 q.;In marcia / fermata / arresto;Conducente;M;Illeso;0;;Non accertato;Inesistente
1906097;10;26/03/2012 08:50;Strada Urbana;VIA TUSCOLANA;in prossimità;;del palo luce n. ;785;;Tamponamento Multiplo;Rettilineo;Due carreggiate;Asciutto;Asfaltata;Orizzontale;Sereno;Intenso;Buona;Ore Diurne;0;0;0;3;;;-1;1;Autovettura privata;In marcia / fermata / arresto;Conducente;M;Illeso;0;;Non accertato;Inesploso
1906097;10;26/03/2012 08:50;Strada Urbana;VIA TUSCOLANA;in prossimità;;del palo luce n. ;785;;Tamponamento Multiplo;Rettilineo;Due carreggiate;Asciutto;Asfaltata;Orizzontale;Sereno;Intenso;Buona;Ore Diurne;0;0;0;3;;;-1;2;Autovettura privata;In marcia / fermata / arresto;Conducente;M;Illeso;0;;Non accertato;Inesploso
1906097;10;26/03/2012 08:50;Strada Urbana;VIA TUSCOLANA;in prossimità;;del palo luce n. ;785;;Tamponamento Multiplo;Rettilineo;Due carreggiate;Asciutto;Asfaltata;Orizzontale;Sereno;Intenso;Buona;Ore Diurne;0;0;0;3;;;-1;3;Autovettura privata;In marcia / fermata / arresto;Conducente;F;Illeso;0;;Non accertato;Inesploso
1906098;12;26/03/2012 18:25;Strada Urbana;VIA KENIA;all'intersezione con;VIA MAROCCO;VIA MAROCCO;;;Scontro frontale fra veicoli in marcia;Incrocio;Una carreggiata a doppio senso;Asciutto;Asfaltata;Verticale ed orizzontale;Sereno;Scarso;Buona;Ore Diurne;0;0;0;2;;;-1;1;Autovettura privata;In marcia / fermata / arresto;Conducente;M;Illeso;0;;Utilizzato;Inesistente
1906098;12;26/03/2012 18:25;Strada Urbana;VIA KENIA;all'intersezione con;VIA MAROCCO;VIA MAROCCO;;;Scontro frontale fra veicoli in marcia;Incrocio;Una carreggiata a doppio senso;Asciutto;Asfaltata;Verticale ed orizzontale;Sereno;Scarso;Buona;Ore Diurne;0;0;0;2;;;-1;2;Autovettura privata;In marcia / fermata / arresto;Conducente;M;Illeso;0;;Utilizzato;Inesploso
1906099;6;26/03/2012 18:25;Strada Urbana;VIA TOR DE' SCHIAVI;in prossimità;;del civico n. ;404/406;;Scontro frontale/laterale SX fra veicoli in marcia;Rettilineo;Due carreggiate;Asciutto;Asfaltata;Verticale;Sereno;Normale;Buona;Ore Diurne;0;0;0;3;;;-1;1;Autovettura privata;In marcia / fermata / arresto;Conducente;M;Illeso;0;;Non accertato;Inesistente
1906099;6;26/03/2012 18:25;Strada Urbana;VIA TOR DE' SCHIAVI;in prossimità;;del civico n. ;404/406;;Scontro frontale/laterale SX fra veicoli in marcia;Rettilineo;Due carreggiate;Asciutto;Asfaltata;Verticale;Sereno;Normale;Buona;Ore Diurne;0;0;0;3;;;-1;1;Autovettura privata;In marcia / fermata / arresto;Passeggero;F;Illeso;0;;Non accertato;Inesistente
1906099;6;26/03/2012 18:25;Strada Urbana;VIA TOR DE' SCHIAVI;in prossimità;;del civico n. ;404/406;;Scontro frontale/laterale SX fra veicoli in marcia;Rettilineo;Due carreggiate;Asciutto;Asfaltata;Verticale;Sereno;Normale;Buona;Ore Diurne;0;0;0;3;;;-1;2;Autovettura privata;In marcia / fermata / arresto;Conducente;M;Illeso;0;;Non accertato;Inesistente
1906101;6;26/03/2012 18:55;Strada Urbana;VIA MARIO UGO GUATTARI;in prossimità;;del civico n. ;18;;Scontro laterale fra veicoli in marcia;Rettilineo;Una carreggiata a doppio senso;Asciutto;Asfaltata;Verticale ed orizzontale;Sereno;Scarso;Buona;Ore Diurne;0;0;0;3;;;-1;1;Autovettura privata;In marcia / fermata / arresto;Conducente;M;Illeso;0;;Non accertato;Inesistente
1906101;6;26/03/2012 18:55;Strada Urbana;VIA MARIO UGO GUATTARI;in prossimità;;del civico n. ;18;;Scontro laterale fra veicoli in marcia;Rettilineo;Una carreggiata a doppio senso;Asciutto;Asfaltata;Verticale ed orizzontale;Sereno;Scarso;Buona;Ore Diurne;0;0;0;3;;;-1;1;Autovettura privata;In marcia / fermata / arresto;Passeggero;F;Illeso;0;;Non accertato;Inesistente
1906101;6;26/03/2012 18:55;Strada Urbana;VIA MARIO UGO GUATTARI;in prossimità;;del civico n. ;18;;Scontro laterale fra veicoli in marcia;Rettilineo;Una carreggiata a doppio senso;Asciutto;Asfaltata;Verticale ed orizzontale;Sereno;Scarso;Buona;Ore Diurne;0;0;0;3;;;-1;2;Autovettura privata;In marcia / fermata / arresto;Conducente;M;Illeso;0;;Non accertato;Inesistente
1906102;15;26/03/2012 17:45;Strada Urbana;VICOLO DEL FOSSO DI PAPA LEONE;da specificare;;;;rampa d'accesso Via I. Newton;Tamponamento Multiplo;Rettilineo;Una carreggiata a doppio senso;Asciutto;Asfaltata;Assente;Sereno;Normale;Buona;Ore Diurne;0;0;0;4;;;-1;1;Autocarro inferiore 35 q.;In marcia / fermata / arresto;Conducente;F;Illeso;0;;Utilizzato;Inesistente
1906102;15;26/03/2012 17:45;Strada Urbana;VICOLO DEL FOSSO DI PAPA LEONE;da specificare;;;;rampa d'accesso Via I. Newton;Tamponamento Multiplo;Rettilineo;Una carreggiata a doppio senso;Asciutto;Asfaltata;Assente;Sereno;Normale;Buona;Ore Diurne;0;0;0;4;;;-1;1;Autocarro inferiore 35 q.;In marcia / fermata / arresto;Passeggero;M;Illeso;0;;Utilizzato;Inesistente
1906102;15;26/03/2012 17:45;Strada Urbana;VICOLO DEL FOSSO DI PAPA LEONE;da specificare;;;;rampa d'accesso Via I. Newton;Tamponamento Multiplo;Rettilineo;Una carreggiata a doppio senso;Asciutto;Asfaltata;Assente;Sereno;Normale;Buona;Ore Diurne;0;0;0;4;;;-1;2;Autovettura privata;In marcia / fermata / arresto;Conducente;F;Illeso;0;;Utilizzato;Inesistente
1906102;15;26/03/2012 17:45;Strada Urbana;VICOLO DEL FOSSO DI PAPA LEONE;da specificare;;;;rampa d'accesso Via I. Newton;Tamponamento Multiplo;Rettilineo;Una carreggiata a doppio senso;Asciutto;Asfaltata;Assente;Sereno;Normale;Buona;Ore Diurne;0;0;0;4;;;-1;3;Autovettura privata;In marcia / fermata / arresto;Conducente;F;Illeso;0;;Utilizzato;Inesistente
1906103;15;26/03/2012 19:10;Strada Urbana;VIA PORTUENSE;all'intersezione semaforizzata con;VIA DI AFFOGALASINO;VIA DI AFFOGALASINO;;;Tamponamento;Incrocio;Una carreggiata a doppio senso;Asciutto;Asfaltata;Verticale ed orizzontale;Sereno;Intenso;Buona;Ore Diurne;0;0;0;5;;;-1;1;Motociclo a solo;In marcia / fermata / arresto;Conducente;M;Illeso;0;;Utilizzato;Inesistente
1906103;15;26/03/2012 19:10;Strada Urbana;VIA PORTUENSE;all'intersezione semaforizzata con;VIA DI AFFOGALASINO;VIA DI AFFOGALASINO;;;Tamponamento;Incrocio;Una carreggiata a doppio senso;Asciutto;Asfaltata;Verticale ed orizzontale;Sereno;Intenso;Buona;Ore Diurne;0;0;0;5;;;-1;2;Autovettura privata;In marcia / fermata / arresto;Conducente;M;Illeso;0;;Utilizzato;Inesistente
1906103;15;26/03/2012 19:10;Strada Urbana;VIA PORTUENSE;all'intersezione semaforizzata con;VIA DI AFFOGALASINO;VIA DI AFFOGALASINO;;;Tamponamento;Incrocio;Una carreggiata a doppio senso;Asciutto;Asfaltata;Verticale ed orizzontale;Sereno;Intenso;Buona;Ore Diurne;0;0;0;5;;;-1;2;Autovettura privata;In marcia / fermata / arresto;Passeggero;F;Illeso;0;;Utilizzato;Inesistente
1906103;15;26/03/2012 19:10;Strada Urbana;VIA PORTUENSE;all'intersezione semaforizzata con;VIA DI AFFOGALASINO;VIA DI AFFOGALASINO;;;Tamponamento;Incrocio;Una carreggiata a doppio senso;Asciutto;Asfaltata;Verticale ed orizzontale;Sereno;Intenso;Buona;Ore Diurne;0;0;0;5;;;-1;2;Autovettura privata;In marcia / fermata / arresto;Passeggero;M;Illeso;0;;Utilizzato;Inesistente
1906103;15;26/03/2012 19:10;Strada Urbana;VIA PORTUENSE;all'intersezione semaforizzata con;VIA DI AFFOGALASINO;VIA DI AFFOGALASINO;;;Tamponamento;Incrocio;Una carreggiata a doppio senso;Asciutto;Asfaltata;Verticale ed orizzontale;Sereno;Intenso;Buona;Ore Diurne;0;0;0;5;;;-1;2;Autovettura privata;In marcia / fermata / arresto;Passeggero;M;Illeso;0;;Utilizzato;Inesistente
1906104;20;26/03/2012 12:20;Strada Urbana;VIA DI GROTTAROSSA;all'intersezione con;VIA DI GROTTAROSSA;VIA DI GROTTAROSSA;;;Scontro frontale fra veicoli in marcia;Incrocio;Una carreggiata a doppio senso;Asciutto;Asfaltata;Verticale;Sereno;Normale;Buona;Ore Diurne;1;0;0;1;;;-1;1;Autovettura privata;In marcia / fermata / arresto;Conducente;M;Rifiuta cure immediate;0;NON DECEDUTO;Non accertato;Inesploso
1906104;20;26/03/2012 12:20;Strada Urbana;VIA DI GROTTAROSSA;all'intersezione con;VIA DI GROTTAROSSA;VIA DI GROTTAROSSA;;;Scontro frontale fra veicoli in marcia;Incrocio;Una carreggiata a doppio senso;Asciutto;Asfaltata;Verticale;Sereno;Normale;Buona;Ore Diurne;1;0;0;1;;;-1;2;Autovettura privata;In marcia / fermata / arresto;Conducente;M;Illeso;0;;Non accertato;Inesploso
1906105;15;26/03/2012 17:15;Strada Urbana;VIA DEGLI ORSEOLO;in prossimità;;del civico n. ;9;;Scontro laterale fra veicoli in marcia;Rettilineo;Una carreggiata a doppio senso;Asciutto;Asfaltata;Assente;Sereno;Scarso;Buona;Ore Diurne;0;0;0;2;;;-1;1;Autovettura privata;In marcia / fermata / arresto;Conducente;M;Illeso;0;;Utilizzato;Inesistente
1906105;15;26/03/2012 17:15;Strada Urbana;VIA DEGLI ORSEOLO;in prossimità;;del civico n. ;9;;Scontro laterale fra veicoli in marcia;Rettilineo;Una carreggiata a doppio senso;Asciutto;Asfaltata;Assente;Sereno;Scarso;Buona;Ore Diurne;0;0;0;2;;;-1;2;Autovettura privata;In marcia / fermata / arresto;Conducente;F;Illeso;0;;Utilizzato;Inesistente
1906106;5;26/03/2012 09:00;Strada Urbana;VIA CERCHIARA;da specificare;;;;ALTEZZA VIA CORCOLLE;Tamponamento;Rettilineo;Una carreggiata a doppio senso;Asciutto;Asfaltata;Temporanea di cantiere;Sereno;Scarso;Sufficiente;Ore Diurne;0;0;0;2;;;-1;1;Autocarro inferiore 35 q.;In marcia / fermata / arresto;Conducente;M;Illeso;0;;Utilizzato;Inesploso